{"Foot Length": 175.6205357142857, "Foot Width": 32.13461895501591}